{"name":"datafiniti_mens-shoe-prices","title":"Men's Shoe Prices","description":"A list of 10,000 men's shoes and the various prices at which they are sold.\n\n# About This Data\nThis is a list of 10,000 men's shoes provided by [Datafiniti's Product Database](https://datafiniti.co/products/product-data/).\n\nThe dataset includes shoe name, brand, price, and more. Each shoe will have an entry for each price found for it and some shoes may have multiple entries.\n\n*Note that this is a sample of a large dataset. The full dataset is available through Datafiniti.*\n\n# What You Can Do with This Data\nYou can use this data to [determine brand markups, pricing strategies, and trends for luxury shoes](https://datafiniti.co/cost-of-designer-label/). E.g.:\n\n* What is the average price of each distinct brand listed?\n* Which brands have the highest prices?  \n* Which ones have the widest distribution of prices?\n* Is there a typical price distribution (e.g., normal) across brands or within specific brands?\n\nFurther processing data would also let you:\n* Correlate specific product features with changes in price.\n* You can cross-reference this data with a sample of our [Women's Shoe Prices](https://data.world/datafiniti/womens-shoe-prices) to see if there are any differences between women's brands and men's brands.\n\n# Data Schema\nA full schema for the data is available in our [support documentation](https://datafiniti-api.readme.io/docs/product-data-schema).\n\n# About Datafiniti\nDatafiniti provides instant access to web data.  We compile data from thousands of websites to create standardized databases of business, product, and property information.  [Learn more](https://datafiniti.co).\n\n# Interested in the Full Dataset?\nGet this data and more by [creating a free Datafiniti account](https://datafiniti.co/pricing/product-data-pricing/) or [requesting a demo](https://datafiniti.co/request-a-demo/).","homepage":"https://data.world/datafiniti/mens-shoe-prices","license":"CC BY-NC-SA","resources":[{"name":"7004_1","schema":{"fields":[{"name":"id","title":"id","type":"string","rdfType":"http://www.w3.org/2001/XMLSchema#string","dwSourceId":"id"},{"name":"asins","title":"asins","type":"string","rdfType":"http://www.w3.org/2001/XMLSchema#string","dwSourceId":"asins"},{"name":"brand","title":"brand","type":"string","rdfType":"http://www.w3.org/2001/XMLSchema#string","dwSourceId":"brand"},{"name":"categories","title":"categories","type":"string","rdfType":"http://www.w3.org/2001/XMLSchema#string","dwSourceId":"categories"},{"name":"colors","title":"colors","type":"string","rdfType":"http://www.w3.org/2001/XMLSchema#string","dwSourceId":"colors"},{"name":"count","title":"count","type":"string","rdfType":"http://www.w3.org/2001/XMLSchema#string","dwSourceId":"count"},{"name":"dateadded","title":"dateAdded","type":"datetime","rdfType":"http://www.w3.org/2001/XMLSchema#dateTimeStamp","dwSourceId":"dateadded"},{"name":"dateupdated","title":"dateUpdated","type":"datetime","rdfType":"http://www.w3.org/2001/XMLSchema#dateTimeStamp","dwSourceId":"dateupdated"},{"name":"descriptions","title":"descriptions","type":"string","rdfType":"http://www.w3.org/2001/XMLSchema#string","dwSourceId":"descriptions"},{"name":"dimension","title":"dimension","type":"string","rdfType":"http://www.w3.org/2001/XMLSchema#string","dwSourceId":"dimension"},{"name":"ean","title":"ean","type":"integer","rdfType":"http://www.w3.org/2001/XMLSchema#integer","dwSourceId":"ean"},{"name":"features","title":"features","type":"string","rdfType":"http://www.w3.org/2001/XMLSchema#string","dwSourceId":"features"},{"name":"flavors","title":"flavors","type":"string","rdfType":"http://www.w3.org/2001/XMLSchema#string","dwSourceId":"flavors"},{"name":"imageurls","title":"imageURLs","type":"string","rdfType":"http://www.w3.org/2001/XMLSchema#anyURI","dwSourceId":"imageurls"},{"name":"isbn","title":"isbn","type":"string","rdfType":"http://www.w3.org/2001/XMLSchema#string","dwSourceId":"isbn"},{"name":"keys","title":"keys","type":"string","rdfType":"http://www.w3.org/2001/XMLSchema#string","dwSourceId":"keys"},{"name":"manufacturer","title":"manufacturer","type":"string","rdfType":"http://www.w3.org/2001/XMLSchema#string","dwSourceId":"manufacturer"},{"name":"manufacturernumber","title":"manufacturerNumber","type":"string","rdfType":"http://www.w3.org/2001/XMLSchema#string","dwSourceId":"manufacturernumber"},{"name":"merchants","title":"merchants","type":"string","rdfType":"http://www.w3.org/2001/XMLSchema#string","dwSourceId":"merchants"},{"name":"name","title":"name","type":"string","rdfType":"http://www.w3.org/2001/XMLSchema#string","dwSourceId":"name"},{"name":"prices_amountmin","title":"prices.amountMin","type":"string","rdfType":"http://www.w3.org/2001/XMLSchema#string","dwSourceId":"prices_amountmin"},{"name":"prices_amountmax","title":"prices.amountMax","type":"string","rdfType":"http://www.w3.org/2001/XMLSchema#string","dwSourceId":"prices_amountmax"},{"name":"prices_availability","title":"prices.availability","type":"string","rdfType":"http://www.w3.org/2001/XMLSchema#string","dwSourceId":"prices_availability"},{"name":"prices_color","title":"prices.color","type":"string","rdfType":"http://www.w3.org/2001/XMLSchema#string","dwSourceId":"prices_color"},{"name":"prices_condition","title":"prices.condition","type":"string","rdfType":"http://www.w3.org/2001/XMLSchema#string","dwSourceId":"prices_condition"},{"name":"prices_count","title":"prices.count","type":"string","rdfType":"http://www.w3.org/2001/XMLSchema#string","dwSourceId":"prices_count"},{"name":"prices_currency","title":"prices.currency","type":"string","rdfType":"http://www.w3.org/2001/XMLSchema#string","dwSourceId":"prices_currency"},{"name":"prices_dateadded","title":"prices.dateAdded","type":"string","rdfType":"http://www.w3.org/2001/XMLSchema#string","dwSourceId":"prices_dateadded"},{"name":"prices_dateseen","title":"prices.dateSeen","type":"string","rdfType":"http://www.w3.org/2001/XMLSchema#string","dwSourceId":"prices_dateseen"},{"name":"prices_flavor","title":"prices.flavor","type":"string","rdfType":"http://www.w3.org/2001/XMLSchema#string","dwSourceId":"prices_flavor"},{"name":"prices_issale","title":"prices.isSale","type":"string","rdfType":"http://www.w3.org/2001/XMLSchema#string","dwSourceId":"prices_issale"},{"name":"prices_merchant","title":"prices.merchant","type":"string","rdfType":"http://www.w3.org/2001/XMLSchema#string","dwSourceId":"prices_merchant"},{"name":"prices_offer","title":"prices.offer","type":"string","rdfType":"http://www.w3.org/2001/XMLSchema#string","dwSourceId":"prices_offer"},{"name":"prices_returnpolicy","title":"prices.returnPolicy","type":"string","rdfType":"http://www.w3.org/2001/XMLSchema#string","dwSourceId":"prices_returnpolicy"},{"name":"prices_shipping","title":"prices.shipping","type":"string","rdfType":"http://www.w3.org/2001/XMLSchema#string","dwSourceId":"prices_shipping"},{"name":"prices_size","title":"prices.size","type":"string","rdfType":"http://www.w3.org/2001/XMLSchema#string","dwSourceId":"prices_size"},{"name":"prices_source","title":"prices.source","type":"string","rdfType":"http://www.w3.org/2001/XMLSchema#string","dwSourceId":"prices_source"},{"name":"prices_sourceurls","title":"prices.sourceURLs","type":"string","rdfType":"http://www.w3.org/2001/XMLSchema#anyURI","dwSourceId":"prices_sourceurls"},{"name":"prices_warranty","title":"prices.warranty","type":"string","rdfType":"http://www.w3.org/2001/XMLSchema#string","dwSourceId":"prices_warranty"},{"name":"quantities","title":"quantities","type":"string","rdfType":"http://www.w3.org/2001/XMLSchema#string","dwSourceId":"quantities"},{"name":"reviews","title":"reviews","type":"string","rdfType":"http://www.w3.org/2001/XMLSchema#string","dwSourceId":"reviews"},{"name":"sizes","title":"sizes","type":"string","rdfType":"http://www.w3.org/2001/XMLSchema#string","dwSourceId":"sizes"},{"name":"skus","title":"skus","type":"string","rdfType":"http://www.w3.org/2001/XMLSchema#string","dwSourceId":"skus"},{"name":"sourceurls","title":"sourceURLs","type":"string","rdfType":"http://www.w3.org/2001/XMLSchema#anyURI","dwSourceId":"sourceurls"},{"name":"upc","title":"upc","type":"string","rdfType":"http://www.w3.org/2001/XMLSchema#string","dwSourceId":"upc"},{"name":"vin","title":"vin","type":"string","rdfType":"http://www.w3.org/2001/XMLSchema#string","dwSourceId":"vin"},{"name":"websiteids","title":"websiteIDs","type":"string","rdfType":"http://www.w3.org/2001/XMLSchema#string","dwSourceId":"websiteids"},{"name":"weight","title":"weight","type":"string","rdfType":"http://www.w3.org/2001/XMLSchema#string","dwSourceId":"weight"}]},"path":"data/7004_1.csv","format":"csv"},{"name":"original/7004_1.csv","path":"original/7004_1.csv","format":"csv","mediatype":"text/csv","bytes":53547182}],"keywords":["shoes","men","fashion","prices","products","ecommerce","consumer","marketing","market research"]}